feature,importance
consumo_std_7,0.4209325146951601
consumo_volatility_7,0.35152452222179487
consumo_lag8,0.3351057321427351
consumo_lag19,0.2544550294675333
consumo_mean_3,0.018839994356651305
