feature,importance
consumo_volatility_7,0.25681631896352947
consumo_std_7,0.2542191291214492
consumo_lag8,0.18346959629683085
consumo_mean_3,0.17423101048110254
consumo_lag19,0.13126394513708786
